,sleep_lab,id_count,depression_sum,depression_mean,depression_std
0,<5,8297,5352,0.6450524285886465,0.478526270729617
1,>5,19540,10938,0.5597748208802457,0.4964268151955284
